sentence number, action words, entities, data,condition,condition value
1, Navigate," PGE.com,  anonymous,  Visitor",NA,,
2, Click," Outage Menu,  secondary navigation bar",NA,,
3, Click," REPORT A STREETLIGHT OUTAGE,  Electric Outage section",NA,,
4, Click," VISIT STREETLIGHT OUTAGE REPORTING,  Submit an online report section",NA,,
5, Check," displayed,  user,  Report multiple streetlight outages page",NA,,
6, Check," displayed,  mandatory fields,  Astrik suffixed (*)",NA,,
6, Try to enter," information,  incorrect,  partially filled",NA,,
6, Check, error message, NA,,
7,validate,policy lapse content,NA,is displayed,Would you like to designate someone to be notified if your insurance policy is in danger of lapsing due to non-payment of premium?.
8, Enter," information,  Report multiple streetlight outages page",NA,,
8, Click, submit button, NA,,
