{
    "<selenium.webdriver.remote.webelement.WebElement (session=\"420c1dbdde4da5d90388f2c13e8ecbb1\", element=\"96F4AFE2FA9F6D93011F926A26AEECC5_element_78\")>": {
        "type": "login",
        "coor": [
            464,
            192.21875,
            816,
            432.21875
        ],
        "children": [
            [
                "button",
                {},
                [
                    708,
                    400.21875,
                    816,
                    432.21875
                ]
            ],
            [
                "field",
                {},
                [
                    466,
                    268.21875,
                    814,
                    304.21875
                ]
            ],
            [
                "heading",
                {},
                [
                    464,
                    228.21875,
                    816,
                    256.21875
                ]
            ],
            [
                "link",
                {},
                [
                    466,
                    357.21875,
                    587,
                    374.21875
                ]
            ],
            [
                "link",
                {},
                [
                    466,
                    321.21875,
                    583,
                    338.21875
                ]
            ],
            [
                "text",
                {},
                [
                    464,
                    228.21875,
                    816,
                    256.21875
                ]
            ],
            [
                "text",
                {
                    "id": "idBtn_Back",
                    "type": "button",
                    "class": "backButton",
                    "tagName": "BUTTON"
                },
                [
                    464,
                    192.21875,
                    488,
                    216.21875
                ]
            ],
            [
                "text",
                {},
                [
                    464,
                    228.21875,
                    816,
                    256.21875
                ]
            ],
            [
                "text",
                {
                    "id": "displayName",
                    "type": null,
                    "class": "identity",
                    "tagName": "DIV"
                },
                [
                    490,
                    192.21875,
                    816,
                    216.21875
                ]
            ],
            [
                "text",
                {},
                [
                    466,
                    268.21875,
                    814,
                    304.21875
                ]
            ],
            [
                "text",
                {
                    "id": "displayName",
                    "type": null,
                    "class": "identity",
                    "tagName": "DIV"
                },
                [
                    490,
                    192.21875,
                    816,
                    216.21875
                ]
            ],
            [
                "text",
                {},
                [
                    464,
                    228.21875,
                    816,
                    256.21875
                ]
            ]
        ]
    },
    "<selenium.webdriver.remote.webelement.WebElement (session=\"420c1dbdde4da5d90388f2c13e8ecbb1\", element=\"96F4AFE2FA9F6D93011F926A26AEECC5_element_12\")>": {
        "type": "login",
        "coor": [
            464,
            228.21875,
            816,
            432.21875
        ],
        "children": [
            [
                "button",
                {},
                [
                    708,
                    400.21875,
                    816,
                    432.21875
                ]
            ],
            [
                "field",
                {},
                [
                    466,
                    268.21875,
                    814,
                    304.21875
                ]
            ],
            [
                "heading",
                {},
                [
                    464,
                    228.21875,
                    816,
                    256.21875
                ]
            ],
            [
                "link",
                {},
                [
                    466,
                    357.21875,
                    587,
                    374.21875
                ]
            ],
            [
                "link",
                {},
                [
                    466,
                    321.21875,
                    583,
                    338.21875
                ]
            ],
            [
                "text",
                {},
                [
                    464,
                    228.21875,
                    816,
                    256.21875
                ]
            ],
            [
                "text",
                {},
                [
                    464,
                    228.21875,
                    816,
                    256.21875
                ]
            ],
            [
                "text",
                {},
                [
                    466,
                    268.21875,
                    814,
                    304.21875
                ]
            ],
            [
                "text",
                {},
                [
                    464,
                    228.21875,
                    816,
                    256.21875
                ]
            ]
        ]
    }
}