package_name,class_name,method_name
com.cognizant.core,DriverScript,"setLinkScreenshotsToTestLog, getReportName, getTestStatus, getFailureDescription, getExecutionTime, driveTestExecution"
com.cognizant.core,KeywordTestCase,"setUpTestSuite, setUpTestRunner, tearDownTestSuite"
com.cognizant.core,ScriptHelper,"getDataTable, getReport, getcustomDriver, getDriverUtil"
com.cognizant.core,TestConfigurations,"desktopBrowsers, mobileDevice, desktopBrowsersParallel"
com.cognizant.framework,DataTable,"setDataReferenceIdentifier, setCurrentRow, getData, putData, getExpectedResult, getDataWithSubIteration, getDataWithSubIterationTDID"
com.cognizant.framework,ExcelDataAccess,"getDatasheetName, setDatasheetName, getRowNum, getRowNum, getLastRowNum, getRowCount, getRowCount, getColumnNum, getValue, getValue, setValue, setValue, setValue, setValue, setHyperlink, setHyperlink, createWorkbook, addSheet, addRow, addColumn, addColumn, setCustomPaletteColor, mergeCells, setRowSumsBelow, groupRows, autoFitContents, addOuterBorder, addOuterBorder"
com.cognizant.framework,ExcelDataAccessforxlsm,"getDatasheetName, setDatasheetName, getLastRowNum, getRowNum, getValue"
com.cognizant.framework,FrameworkException,getErrorName
com.cognizant.framework,FrameworkParameters,"getRelativePath, setRelativePath, getRunConfiguration, setRunConfiguration, getStopExecution, setStopExecution, clone"
com.cognizant.framework,Report,"getTestStatus, getFailureDescription, initialize, createResultsSubFolder, initializeTestLog, addTestLogHeading, addTestLogSubHeading, addTestLogTableHeadings, addTestLogSection, addTestLogSubSection, updateTestLog, updateTestLog, updateTestLog, addTestLogFooter, initializeResultSummary, addResultSummaryHeading, addResultSummarySubHeading, addResultSummaryTableHeadings, addResultSummaryFooter"
com.cognizant.framework,ReportSettings,"getReportPath, getReportName, getProjectName, setProjectName, getLogLevel, setLogLevel, getDateFormatString, setDateFormatString, shouldGenerateHtmlReports, setGenerateHtmlReports, shouldTakeScreenshotFailedStep, setTakeScreenshotFailedStep, shouldTakeScreenshotPassedStep, setTakeScreenshotPassedStep, shouldLinkScreenshotsToTestLog, setLinkScreenshotsToTestLog, shouldLinkTestLogsToSummary, setLinkTestLogsToSummary, setisMobileExecution, setisWebAutomation, getisWebAutomation, getWidth, getHeight, getColumnCount"
com.cognizant.framework,ReportTheme,"getHeadingBackColor, setHeadingBackColor, getHeadingForeColor, setHeadingForeColor, getSectionBackColor, setSectionBackColor, getSectionForeColor, setSectionForeColor, getContentBackColor, setContentBackColor, getContentForeColor, setContentForeColor, getsubHeadingBackColor, setSubHeadingBackColor, getsubHeadingForeColor, setSubHeadingForeColor, getsubSectionBackColor, setSubSectionBackColor"
com.cognizant.framework,Settings,clone
com.cognizant.framework,TestParameters,"getCurrentScenario, getCurrentTestcase, getCurrentTestInstance, setCurrentTestInstance, getCurrentTestDescription, setCurrentTestDescription, getAdditionalDetails, setAdditionalDetails, getIterationMode, setIterationMode, getStartIteration, setStartIteration, getEndIteration, setEndIteration"
com.cognizant.framework,TimeStamp,clone
com.cognizant.framework.selenium,CustomDriver,"getTestParameters, setTestParameters, setRport, getWebDriver, getAppiumDriver, getRemoteWebDriver, close, equals, findElement, findElementnTakescreenShot, isElementVisible, capture, get, getCurrentUrl, getPageSource, getTitle, getWindowHandle, hashCode, manage, navigate, notify_Driver, notifyAll_Driver, quit, switchTo, toString, wait_Driver, wait_Driver, wait_Driver, executeAsyncScript, executeScript, findElementById, findElementByName, findElementByXPath, findElementByLinkText, findElementByPartialLinkText, findElementByClassName, findElementByTagName, findElementByCssSelector, getCapabilities, getCommandExecutor, getErrorHandler, getExecuteMethod, getFileDetector, context, execute, performMultiTouchAction, performTouchAction, getContext, getOrientation, getRemoteAddress, getScreenshotAs, getSessionId, rotate, findElementByAccessibilityId, location, setLocation, hideKeyboard, setFileDetector, setLogLevel, closeApp, installApp, isAppInstalled, launchApp, removeApp, resetApp"
com.cognizant.framework.selenium,ResultSummaryManager,"getReportPath, clone, setRelativePath, initializeTestBatch, initializeSummaryReport, setupErrorLog, updateResultSummary, wrapUp, launchResultSummary"
com.cognizant.framework.selenium,SeleniumParametersBuilders,"testInstance, executionMode, browser, browserVersion, platform, deviceName, mobileExecutionPlatform, toolName, mobileOsVersion, build"
com.cognizant.framework.selenium,SeleniumReport,setDriver
com.cognizant.framework.selenium,SeleniumTestParameters,"getExecutionMode, setExecutionMode, getMobileExecutionPlatform, setMobileExecutionPlatform, getMobileToolName, setMobileToolName, shouldInstallApplication, setInstallApplication, getBrowser, setBrowser, getMobileOSVersion, setmobileOSVersion, getBrowserVersion, setBrowserVersion, getPlatform, setPlatform, getBrowserAndPlatform, getDeviceName, setDeviceName, getAdditionalDetails"
com.cognizant.framework.selenium,WebDriverUtil,"waitFor, waitUntilPageLoaded, waitUntilPageReadyStateComplete, apply, waitUntilElementLocated, waitUntilElementVisible, waitUntilElementEnabled, waitUntilElementDisabled, selectListItem, mouseOver, objectExists, isTextPresent, isAlertPresent"
