package_name,class_name,attributes,methods,constructors
com.cnoinc.qa.accelerators,ActionLibrary,"[
    ""LOGGER"",
    ""exceptionMessageText"",
    ""actualValueText"",
    ""expectedValueText"",
    ""exactRow"",
    ""THREADTIME"",
    ""replaceme""
]","[
    ""acceptAlertOrPopUp()"",
    ""checkingLabels(locator, text)"",
    ""dismissAlertOrPopUp()"",
    ""fetchingTableHeaders(locator, headerlocator)"",
    ""getDropdownList(locator)"",
    ""getSelectedValue(locator)"",
    ""getTableColumnCount(locator, collocator)"",
    ""getTableRowCount(locator, rowlocator)"",
    ""getWebElements(locator)"",
    ""scrollToElement(byElement)"",
    ""selectByIndex(locator, index)"",
    ""selectByValue(locator, value)"",
    ""selectByVisibleText(locator, text)"",
    ""switchToAlertOrPopUp()"",
    ""switchToFrameByFrameElement(element)"",
    ""threadSleep()"",
    ""threadSleep(time)"",
    ""verfyGridTable(mint, gridID, givenTableValue)"",
    ""convertDatetoString_SpecifedFormat(date)"",
    ""isAlertPresent()""
]",[]
