package_name,class_name,attributes,methods,constructors
com.cnoinc.qa.accelerators,ActionEngine,"[
    ""LOGGER"",
    ""NUMBER_OF_CYCLES""
]","[
    ""acceptAlertOrPopUp(passedComment, failedComment)"",
    ""click(locator, passedComment, failedComment)"",
    ""compareText(locator, expected, passedComment, failedComment)"",
    ""dismissAlertOrPopUp(passedComment, failedComment)"",
    ""doubleClick(locator, passedComment, failedComment)"",
    ""dragAndDrop(srcLocator, dstLocator, passedComment, failedComment)"",
    ""explicitWaitForElementToAppear(locator, passedComment, failedComment)"",
    ""getResponse(appID, safeID, objectID, returnValueType)"",
    ""getText(locator, passedComment, failedComment)"",
    ""highlight(locator, passedComment, failedComment)"",
    ""isElementPresent(locator, passedComment, failedComment)"",
    ""isSelected(locator, passedComment, failedComment)"",
    ""jMenuClick(locator1, locator2, passedComment, failedComment)"",
    ""jsclick(locator, passedComment, failedComment)"",
    ""jsIsElementExist(locator, passedComment, failedComment)"",
    ""jsScrolldown(driver)"",
    ""menuClick(locator1, locator2, passedComment, failedComment)"",
    ""mouseHover(locator1, locator2, passedComment, failedComment)"",
    ""mouseOver(locator, passedComment, failedComment)"",
    ""selectByIndex(locator, index, passedComment, failedComment)"",
    ""selectByValue(locator, value, passedComment, failedComment)"",
    ""selectByVisibleText(locator, text, passedComment, failedComment)"",
    ""sendKeysToTextField(locator, text, passedComment, failedComment)"",
    ""switchToDefaultFrame(passedComment, failedComment)"",
    ""switchToDefaultFrame()"",
    ""switchToFrameByFrameElement(element, passedComment, failedComment)"",
    ""switchToFrameByIndex(index)"",
    ""switchToFrameByIndex(index, passedComment, failedComment)"",
    ""switchToFrameByName(name, passedComment, failedComment)"",
    ""switchToWindowBasedOnTitle(title)"",
    ""uploadFile(locator, filepath)"",
    ""uploadFile(locator, filepath, passedComment, failedComment)"",
    ""verifyElementEnabled(locator, passedComment, failedComment)"",
    ""verifyTextContains(locator, text, passedComment, failedComment)"",
    ""verifyTextPresent(locator, text, passedComment, failedComment)""
]",[]
