package_name,class_name,attributes,methods,constructors
testScripts,BaseTest,"[
    ""testEnvironment"",
    ""commonData"",
    ""GET_INFORMATION"",
    ""MOBILE_AUTOMATION"",
    ""rd"",
    ""LOGGER"",
    ""rE"",
    ""ENDING_TEST"",
    ""RUN_MANAGER"",
    ""UNABLETO_CONNECTDB"",
    ""LOG_PROJECT_NAME"",
    ""LOG_APP_ID"",
    ""LOG_PARAENT_UNIQUEID"",
    ""WINDOW_SCROLLBY_0""
]","[
    ""findElementnTakescreenShot(arg0)"",
    ""isElementVisible(arg0)"",
    ""dbconnectivity()"",
    ""launchingbrowser(appURL)"",
    ""validateTestcase()"",
    ""fullpage_scroll_Screenshot(pageTopic)"",
    ""quitBrowser()"",
    ""teardown()""
]",[]
