package_name,class_name,attributes,methods,constructors
com.cnoinc.qa.accelerators,DriverFactory,"[
    ""instance"",
    ""driver"",
    ""appiumdriver"",
    ""testCaseName"",
    ""uuid"",
    ""uuidCount"",
    ""stepCount""
]","[
    ""getInstance()"",
    ""closeDriver()"",
    ""closeAppiumDriver()"",
    ""closeTestCase()"",
    ""closeUuid()"",
    ""closeUuidCount()"",
    ""getDriver()"",
    ""getAppiumDriver()"",
    ""getUuid()"",
    ""getUuidCount()"",
    ""getTestCaseName()"",
    ""setDriver(driverParam)"",
    ""setAppiumDriver(driverParam)"",
    ""setTestCaseName(testCaseName)"",
    ""setUuid(uuid)"",
    ""setUuidCount(count)"",
    ""getStepCount()"",
    ""setStepCount(stepNum)""
]","[
    ""Parameters: ""
]"
