package_name,class_name,attributes,methods,constructors
com.cnoinc.qa.accelerators,ReusableLibrary,"[
    ""LOGGER"",
    ""ELEMENT_VERIFICATION"",
    ""IS_NOT_DISPLAYED"",
    ""IS_DISPLAYED"",
    ""CLICK_BUTTON"",
    ""CLICKED"",
    ""IS_ENTERED_IN"",
    ""ENTER_TEXT"",
    ""IS_NOT_ENTERED_IN"",
    ""EXCEPTION_MESSAGE"",
    ""ARG_0"",
    ""NATIVE_APP"",
    ""CONTENT"",
    ""TIMEOUT"",
    ""LABEL"",
    ""THRESHOLD"",
    ""MOBILE_CLICK"",
    ""REPO_FILE"",
    ""HANDSET_FILE"",
    ""LOCATION"",
    ""MOBILE_TOUCH"",
    ""RESPONSE_CODE"",
    ""REPLACE_ME"",
    ""REPLACE_ME1"",
    ""WINDOW_SCROLL"",
    ""NOT_CLICKED"",
    ""EXCEPTION"",
    ""IS_NOT_CLICKABLE_AT_POINT"",
    ""CLICKED_AND_ACCEPTED_THE_SUBMISSION_POP_UP"",
    ""NOT_CLICK"",
    ""CLICK"",
    ""MOUSE_HOVER"",
    ""ELEMENT_NOT_CLICKABLE"",
    ""ENTER_TEXT_PASSWORD"",
    ""PASSWORD_NOT_ENTERED"",
    ""DROP_DOWN"",
    ""ARG_ZERO_CLICK"",
    ""IS_SELECTED_IN"",
    ""SELECT_VALUE"",
    ""PRESENCE"",
    ""VALUE"",
    ""SEND_TAB"",
    ""CLASS"",
    ""IS_ENABLED"",
    ""IS_NOT_ENABLED"",
    ""DEFAULT_CHECK"",
    ""SELECT_DROP_DOWN_VALUE"",
    ""IS_NOT_AVAILABLE_IN"",
    ""TEXT_VERIFICATION"",
    ""MM_DD_YYYY"",
    ""YYYY_MM_DD"",
    ""REPLACEME_2"",
    ""BY_XPATH"",
    ""SELECTED"",
    ""RADIO_GROUP_SELECTION"",
    ""WINDOW_SCROLLBY_0"",
    ""READONLY"",
    ""ONLY_CLICK"",
    ""TEXT_BOX"",
    ""IS_NOT_BLANK"",
    ""httpURLConnect"",
    ""responseCode"",
    ""perfectoCommand"",
    ""SUPPORTR_LIBRARIES"",
    ""SAVED_FILES"",
    ""random""
]","[
    ""checkAscending(sortField)"",
    ""checkDescending(sortField)"",
    ""deleteDirectory(directory)"",
    ""GetObject(ObjectName, ObjectTemplate, ObjectInstance)"",
    ""GetObject(ObjectName, ObjectSubName, ObjectTemplate)"",
    ""GetObject(ObjectName, ObjectSubName, ObjectTemplate, ObjectInstance)"",
    ""HardDelay(delayTime)"",
    ""loadPropertiesFile(FilePath)"",
    ""removeQuotesInArrayIndex(objectTemplate)"",
    ""replaceStringValues(selector, values)"",
    ""replaceValues(objType, selector, values)"",
    ""waitToGetElementFluent(driver, by)"",
    ""acceptPopUp()"",
    ""addDays(date, days)"",
    ""addHours(date, hrs)"",
    ""addMonth(date, month)"",
    ""addYear(date, year)"",
    ""ageCalculator(strdate1, strdate2)"",
    ""ajaxFluentPredicateWait()"",
    ""catchingClickElementException(e, strobj, strButtonName, clickAction, element)"",
    ""catchingWebDriverException(strobj, strButtonName)"",
    ""checkField_MaxLength(objID, checkValue, maxLength, description)"",
    ""checkFieldErrorMsg(objID, expError, description)"",
    ""checkingClickElementWithPopUp(strobj, strButtonName)"",
    ""checkingSelectRadioButton(objIdYes, objIdNo, strValueToSelect)"",
    ""checkingStaleClick(objIdYes, objIdNo, SelVal)"",
    ""checkingStaleClickRadio(strobj, objDesc)"",
    ""checkingStaleFunction(strobj)"",
    ""checkingStateSelectFunction(strobj, SelVal)"",
    ""CheckReadOnlyById(objId, strdesc)"",
    ""checkTab(ObjID)"",
    ""CheckTextDefaultValue(objId, strValueToSelect, reportvalue)"",
    ""clear(xpath)"",
    ""clearText(elementQuery, strdesc)"",
    ""ClickAnyJSElementWithoutWait(strobj, strButtonName)"",
    ""ClickElement(strobj, strButtonName)"",
    ""clickElement_MobileApp(strobj, strButtonName)"",
    ""clickElement_NoReportMob(strobj, strButtonName)"",
    ""ClickElement2Hover(strMouseOverobj1, strMouseOverobj2, strobj, strButtonName)"",
    ""ClickElementByPartialId(objId, strElementType)"",
    ""ClickElementHover(strMouseOverobj, strobj, strButtonName)"",
    ""ClickElements(strobj, strButtonName)"",
    ""ClickElementWithActionEnter(strobj, strButtonName)"",
    ""ClickElementWithActions(strobj, strButtonName)"",
    ""ClickElementWithCancelPopUp(strobj, strButtonName)"",
    ""ClickElementWithCancelPopUpAndGetMessage(strobj, strButtonName)"",
    ""ClickElementWithoutAjaxWait(strobj, strButtonName)"",
    ""ClickElementWithPopUp(strobj, strButtonName)"",
    ""ClickElementWithPopUpAndGetMessage(strobj, strButtonName)"",
    ""ClickElementWithtwoPopUp(strobj, strButtonName)"",
    ""clickingJSElement(element)"",
    ""ClickJSElement(strobj, strButtonName)"",
    ""ClickJSElement_MobileWeb(strobj, strButtonName)"",
    ""clickJSElementMobile(strobj, strButtonName)"",
    ""ClickJSElementWithAnyPopups(strobj, strButtonName)"",
    ""ClickJSElementWithPopup(strobj, strButtonName)"",
    ""ClickJSElementWithTwoPopups(strobj, strButtonName)"",
    ""closeBrowser()"",
    ""closeWindow()"",
    ""ComboSelectValue(objName, strValue, strdesc)"",
    ""ComboSelectValueByIndex(objName, strValue, index)"",
    ""ComboSelectValueByValue(objName, strValue, strdesc)"",
    ""comparedatesWithTime(date1, date2)"",
    ""convertDatetoString(date)"",
    ""convertDatetoString_AnyFormat(date, strDate)"",
    ""convertDatetoString_React(date)"",
    ""convertDatetoString_SpecifedFormat(date)"",
    ""ConvertFileToXMLDoc(strFilePath)"",
    ""convertStringToDate(date)"",
    ""convertStringToDate_AnyFormat(date, strFormat)"",
    ""ConvertStringToDate_FromAnyFormat(date, format)"",
    ""convertStringToInteger(stringValue)"",
    ""ConvertStringToXMLDoc(strXMLContents)"",
    ""ConvertXMLDocToString(doc)"",
    ""createC14number()"",
    ""DateDiffinDays(date1, date2)"",
    ""DateDiffinYears(date1, date2)"",
    ""dateToString(input, currentformat, format)"",
    ""DisplaceDate(initDate, months, days, years)"",
    ""doubleClick(strobj, strname)"",
    ""doubleClickMobile(strobj, strname)"",
    ""dragToScroll(duration, fromX, fromY, toX, toY)"",
    ""enteringData(skipEmptyValues, strValue, element, elementQuery)"",
    ""enteringTextAndClearUsingActions(actionBuilder, element, strValue, elementQuery)"",
    ""EnterNonPrefil(ObjId, desc, strValue)"",
    ""EnterText(elementQuery, strValue, strdesc)"",
    ""EnterText(elementQuery, strValue, strdesc, skipEmptyValues)"",
    ""EnterText_Integer(elementQuery, strValue, strdesc)"",
    ""EnterText_Password(elementQuery, strValue, strdesc)"",
    ""EnterTextAndClearUsingActions(elementQuery, strValue, strdesc)"",
    ""EntertextAppium(objName, text)"",
    ""EnterTextByChar(elementQuery, strValue, strdesc)"",
    ""enterTextMobile(elementQuery, strValue, strdesc)"",
    ""EnterTextwithActions(elementQuery, strValue, strdesc)"",
    ""EnterTextWithJS(strobj, text, strdesc)"",
    ""EnterTextWithJSAndPopUp(strobj, text, strdesc)"",
    ""EnterTextwithKeys(elementQuery, strValue, strdesc)"",
    ""EnterTextWithMobileJS(strobj, text, strdesc)"",
    ""Explicitwait(locator, timeout)"",
    ""Explicitwait_Mobile(locator, timeout)"",
    ""findFilePath(path, fileName)"",
    ""FocusElement(id)"",
    ""fullpage_scroll_Screenshot(pageTopic)"",
    ""generateAlphaNumeric(length)"",
    ""generateRandomInt(length)"",
    ""generateRandomString(length)"",
    ""getAge(DOB)"",
    ""getAppiumDriver()"",
    ""GetAttributeValue(obj, AttributeName)"",
    ""getCellData(strObject, rowNum, colNum)"",
    ""getClientHeight(element)"",
    ""getCurrentDate()"",
    ""getCurrentUrl()"",
    ""getDate_Time(format)"",
    ""getDatedifference(date1, date2)"",
    ""getDateofPreviousYear()"",
    ""getDateofPreviousYear_React()"",
    ""getDay(date)"",
    ""getDayInNumber()"",
    ""getDayName(date)"",
    ""getDayNameOfWeek(date)"",
    ""getDOB(Age)"",
    ""getDropDownFirstValue(objName)"",
    ""getDropDownSelectedValue(objName)"",
    ""getElement(locator)"",
    ""getElements(locator)"",
    ""getElementTypeById(objId)"",
    ""getElementTypeByXpath(obj)"",
    ""getEval(script)"",
    ""getFullMonth(date)"",
    ""getHeight(byObject, strdesc)"",
    ""GetIntoFrame(frameID)"",
    ""GetIntoFrameByIndex(index)"",
    ""getListofDropDownValues(objName)"",
    ""getListofDropDownValuesForPegaCPL(objName)"",
    ""getListOfElements(mySelector)"",
    ""getMaximumDaysinMonth(date)"",
    ""getmonth(date)"",
    ""getMonth_in_Number()"",
    ""getMonthForInt(m)"",
    ""getMonthInt(month)"",
    ""GetObject(ObjectIndex, ObjectTemplate)"",
    ""GetObject(objectName)"",
    ""GetObject(ObjectName, ObjectIndex, ObjectTemplate)"",
    ""GetObject(ObjectName, ObjectTemplate)"",
    ""GetObject(ObjectName, ObjectSubName, ObjectSubName1, ObjectTemplate)"",
    ""GetObject(ObjectName, ObjectSubName, ObjectSubName1, ObjectTemplate, ObjectInstance)"",
    ""GetObject(ObjectName, ObjectSubName, ObjectSubName1, ObjectSubName2, ObjectTemplate)"",
    ""GetObjectByIndex(Object, instance)"",
    ""GetObjectWithQuotes(ObjectName, ObjectTemplate, ObjectInstance)"",
    ""GetOutofFrame()"",
    ""getPopUpMessage()"",
    ""getRandomNumberInRange(min, max)"",
    ""getRandomPhoneNumber()"",
    ""getRandomPostalCode()"",
    ""getRemoteWebDriver()"",
    ""getRowWithCellData(strObject, strExpected)"",
    ""GetSelectAllOptions(objId, strdesc)"",
    ""GetSelectValue(objId, strdesc)"",
    ""GetSelectValue_NoReport(objId, strdesc)"",
    ""GetSelectValueIndex(objId, intIndexNum)"",
    ""getShortMonth(date)"",
    ""getStartingDateofCurrentMonth()"",
    ""getStartingDateofMonthAfterNextMonth()"",
    ""getStartingDateofMonthAfterNextMonth_React()"",
    ""getStartingDateofNextMonth()"",
    ""getStartingDateofNextMonth_react()"",
    ""getTextBoxState(ObjId, boolObjectState, objdesc)"",
    ""GetTextValue(objId)"",
    ""GetTextValue(string, strdesc)"",
    ""GetTextValue_mobile(string, strdesc)"",
    ""GetTextValue_Noreport(string, strdesc)"",
    ""GetTextValue_NoWait(string)"",
    ""GetTextValueByJs(objId)"",
    ""getTimeStamp()"",
    ""GetTitleTextValue(objId)"",
    ""getTodaysDate(testCaseName)"",
    ""getTodaysDate_withoutTime()"",
    ""GetWebElement(obj)"",
    ""getWidth(byObject, strdesc)"",
    ""getWindowHandles()"",
    ""getWindowId()"",
    ""getWindowTitle()"",
    ""GetXMLDocNodeAttributeValue(doc, strNodeName, attribute)"",
    ""GetXMLDocNodeValue(doc, strNodeName)"",
    ""getYear(date)"",
    ""getYear_in_Number()"",
    ""goback()"",
    ""handle_ajaxFluentPredicateWait(timeout)"",
    ""HasSelectedText(object, text, desc)"",
    ""HasText(object, text, desc)"",
    ""ImplicitWaitSwitchOFF()"",
    ""ImplicitWaitSwitchOFF_Mobile()"",
    ""ImplicitWaitSwitchON()"",
    ""ImplicitWaitSwitchON(time)"",
    ""ImplicitWaitSwitchON_Mobile()"",
    ""importDocument_AnyFormat(strFileName)"",
    ""isAlertPresent()"",
    ""isCheckedById(objId)"",
    ""isClickable(strobj, strButtonName)"",
    ""isDataPresentChecking(sheet, workbook, colIndex)"",
    ""isDataPresentinExcel(excelPath, sheetName, colName, strData)"",
    ""isDateWithinRange(startDate, endDate, refDate)"",
    ""isDisabled(ObjId, objdesc)"",
    ""isDisplayed(ObjId, objdesc)"",
    ""isDisplayed_MobileApp(ObjId, objdesc)"",
    ""isDisplayed_MobileAppWithSS(ObjId, objdesc)"",
    ""isDisplayed_NoReport(ObjId, objdesc)"",
    ""isDisplayed_NoReportMob(ObjId, objdesc)"",
    ""isDisplayed_report(ObjId, objdesc)"",
    ""isEnabled(ObjId, objdesc)"",
    ""isEnabled_NoReport(ObjId, objdesc)"",
    ""IsObjectPresent(strobj, objdesc)"",
    ""IsObjectPresentWithoutAjaxWait(strobj, objdesc)"",
    ""isSelected(objId, objdesc)"",
    ""isTextBoxBlank(objID, strDesc)"",
    ""isTextBoxDisabled(ObjId, objdesc)"",
    ""isTextBoxDisabled_noReport(ObjId, objdesc)"",
    ""isTextBoxEmpty(objID, strDesc)"",
    ""isTextPresent(textToVerify)"",
    ""ListMultiSelectValue(objName, strValue, strdesc)"",
    ""maximizeWindow()"",
    ""ModifyXMLNodeValue(doc, strNodeName, strUpdatedValue)"",
    ""MouseHover(strMouseOverobj, strButtonName)"",
    ""MouseHoverWithSS(strMouseOverobj)"",
    ""MoveScrollbarToBottom()"",
    ""MoveScrollbarToElement(objHiddenElement)"",
    ""MoveScrollbarToTop()"",
    ""noOfDaysInbetweenTwoDays(dateString1, dateString2, format)"",
    ""NumberOfRows_CSS(css)"",
    ""NumberOfRows_XPATH(xpath)"",
    ""PageRefreshTillElementPresence(ObjID)"",
    ""PauseScript(How_Long_To_Pause)"",
    ""peformCanvasSignature(Objid)"",
    ""readOnly(objId, strdes)"",
    ""refreshPage()"",
    ""rejectPopUp()"",
    ""replaceSlash(text)"",
    ""roundTwoDecimals(d)"",
    ""runningVBScript(bufReader)"",
    ""RunVBScript(command)"",
    ""scrollAndSearch(driver, value, me, direction)"",
    ""scrollInsideElement_Screenshot(element, numOfScrolls, stepName, description)"",
    ""scrolltoElement(strObj, strButtonName)"",
    ""selectCheckBoxAllValue(strTableObject, text)"",
    ""selectDropDownFirstValue(objName)"",
    ""selectDropDownFirstValue(objName, strValue)"",
    ""selectDropDownValue(objName, strValue, strdesc)"",
    ""selectDropDownValue_NoReport(objName, strValue, strdesc)"",
    ""selectDropDownValueContains(objName, strValue, strdesc)"",
    ""selectDropDownValueContainsForPegaCPL(objName, strValue, strdesc)"",
    ""selectItemInGroupByValue(ObjCheckBoxGroup, strValue, strdesc)"",
    ""SelectRadioButtonById(doflag, objId, strValueToSelect)"",
    ""SelectRadioButtonInGroup(strobjWithXpath, strdesc)"",
    ""SelectRadioButtonInGroup(strobjWithXpath, strValue, strdesc)"",
    ""SelectRadioButtonYN(objIdYes, objIdNo, strValueToSelect)"",
    ""SelectValueByIdIndex(objId, intIndexNum)"",
    ""SelectValueCount(objName)"",
    ""SendEnter(ObjID)"",
    ""sendKeys(xpath, text)"",
    ""SendTAB(ObjID)"",
    ""SendTAB_old(ObjID)"",
    ""setDate(date)"",
    ""setRelativeDatefromGivenDate(date, days)"",
    ""setRelativeDatefromToday(numberOfDays)"",
    ""setRelativeDatefromToday(strInterval, total)"",
    ""SetTextValuebyXpath(ObjID, ValuetoSet)"",
    ""SetTextValuebyXpath(ObjID, ValuetoSet)"",
    ""showRandomInteger(aStart, aEnd, aRandom)"",
    ""showRandomIntegerLong(aStart, aEnd, aRandom)"",
    ""SleepWait_milliseconds(millisecs)"",
    ""StaleClickFunction(objIdYes, objIdNo, SelVal)"",
    ""StaleClickRadioFunction(strobj, objDesc)"",
    ""staleEnteringText(strobj, SelVal, strdesc)"",
    ""StaleEnterTextFunction(strobj, SelVal, strdesc)"",
    ""StaleFunction(strobj)"",
    ""StaleSelectFunction(strobj, SelVal)"",
    ""StaleTabOutFunction(ObjID)"",
    ""switchTabs(tabIndex)"",
    ""switchToNewWindow()"",
    ""switchToWindow(window)"",
    ""validateDate(getDate, format)"",
    ""ValidateError(ActualError, ExpectedError, objdesc)"",
    ""VerifyBackgroundColor(element, color)"",
    ""VerifyFontColor(element, color)"",
    ""VerifyXMLDocNodeValue(doc, strNodeName, strExpectedValue)"",
    ""waitForCondition(script, timeOutInMilliseconds, askEvery)"",
    ""WaitForElement(ObjId)"",
    ""zipResolverId(zipcodeflag, zipformatflag, testdata, objId, strdesc)"",
    ""saveDocByCoordinates(windowHandle, docName, formate, x, y)"",
    ""saveDocByRightClickSaveAs(windowHandle, docName, format)"",
    ""saveDoc(fileName, formate)"",
    ""SaveDocumentByName(fileName, fileExtension)"",
    ""checkProcessKilledByName(processName)"",
    ""IsFileExist(fileName, fileExtension)"",
    ""SaveDocument_OpenedinNewWindow(fileName, strFileExtension)"",
    ""SaveDocument(fileExtension)"",
    ""ScrollDownByActionElement(element)""
]",[]
