package_name,class_name,attributes,methods,constructors
com.cnoinc.qa.accelerators,TestEngine,"[
    ""LOGGER"",
    ""configProps"",
    ""TEST_ENV"",
    ""PROXY"",
    ""LOCAL_DRIVER"",
    ""GRID_DRIVER"",
    ""GLOBAL_DRIVER"",
    ""GRID_TYPE_MESSAGE"",
    ""stdTimeStamp"",
    ""objdriver"",
    ""errorcount"",
    ""warningcount"",
    ""ScreenDoc"",
    ""report"",
    ""passScreenshotCapture"",
    ""failScreenshotCapture"",
    ""ScreenshotCapture"",
    ""projectIDName"",
    ""cap"",
    ""RwebDriver"",
    ""cOptions"",
    ""ffOptions"",
    ""ieOptions"",
    ""edgeOptions"",
    ""operaOptions"",
    ""safariOptions"",
    ""file"",
    ""fileSavepath""
]","[
    ""deleteCookie(driver)"",
    ""getAppUrl(driver)"",
    ""getPageSource(driver)"",
    ""getTitleOfWebPage(driver)"",
    ""implicitWait(driver, timeUnitSeconds)"",
    ""loadEnvironment(strEnv, strValue)"",
    ""maximizeWindow(driver)"",
    ""navigateBack(driver)"",
    ""navigateForward(driver)"",
    ""quitBrowser(driver)"",
    ""chromeBrowser(proxy, grid)"",
    ""edgeBrowser(grid)"",
    ""firefoxBrowser(proxy, grid)"",
    ""getBrowser(url, browser)"",
    ""ieBrowser(proxy, grid)"",
    ""operaBrowser(grid)"",
    ""safariBrowser(proxy, grid)"",
    ""setProxy(proxy)"",
    ""frameworkPath(folderName)"",
    ""getMobileDriver()""
]",[]
