url,page,action,object,data,TagName,ID,Class,All_Attributes,Xpath
https://uat.colonialpenn.com/,GBLquote,Navigate,colonialpenn website,https://uat.colonialpenn.com,,,,,
https://uat.colonialpenn.com/,GBLquote,Click,Products,,A,,nav_default_open,"{'class': 'nav_default_open', 'href': 'javascript:void(0);'}",html/body/header/div/section/div/div/div/div/div[2]/div/div[2]/div/div[1]/div/div[2]/nav/ul[1]/li[1]/div[1]/a
https://uat.colonialpenn.com/,GBLquote,Click,Get a Quote,,BUTTON,,get_quote_button linkAnimatetxtarrow,{'class': 'get_quote_button linkAnimatetxtarrow'},html/body/header/div/section/div/div/div/div/div[2]/div/div[2]/div/div[1]/div/div[2]/nav/ul[1]/li[1]/div[2]/div/div/ul/li[2]/div/a/button
https://uat.colonialpenn.com/quote,formPage,Enter,First Name,Sam,INPUT,_CPQuote_firstName,field form-control,"{'class': 'field form-control', 'id': '_CPQuote_firstName', 'maxlength': '50', 'name': '_CPQuote_firstName', 'style': 'border: 3px solid red;', 'test_id': 'firstName', 'type': 'text', 'value': ''}",html/body/section/div/div/div/div/div[1]/section/div/div/div/main/div[1]/div[2]/div[2]/div[2]/div/form/div[1]/div/div/div[1]/div[1]/input
https://uat.colonialpenn.com/quote,formPage,Enter,Last Name,cpcomtest,INPUT,_CPQuote_lastName,field form-control,"{'aria-required': 'true', 'class': 'field form-control', 'id': '_CPQuote_lastName', 'maxlength': '50', 'name': '_CPQuote_lastName', 'style': 'border: 3px solid red;', 'test_id': 'lastName', 'type': 'text', 'value': ''}",html/body/section/div/div/div/div/div[1]/section/div/div/div/main/div[1]/div[2]/div[2]/div[2]/div/form/div[1]/div/div/div[1]/div[2]/input
https://uat.colonialpenn.com/quote,formPage,Select,State,California,OPTION,,,"{'class': '', 'value': 'CA'}",html/body/section/div/div/div/div/div[1]/section/div/div/div/main/div[1]/div[2]/div[2]/div[2]/div/form/div[1]/div/div/div[3]/div[1]/div[2]/select/option[6]
https://uat.colonialpenn.com/quote,formPage,Enter,ZIP Code,90011,INPUT,_CPQuote_zipCode,field form-control,"{'aria-required': 'true', 'class': 'field form-control', 'id': '_CPQuote_zipCode', 'inputmode': 'numeric', 'maxlength': '5', 'name': '_CPQuote_zipCode', 'onkeypress': 'isZipCodeCharacters(event)', 'pattern': '[0-9]*', 'style': 'border: 3px solid red;', 'test_id': 'zipCode', 'type': 'text', 'value': ''}",html/body/section/div/div/div/div/div[1]/section/div/div/div/main/div[1]/div[2]/div[2]/div[2]/div/form/div[1]/div/div/div[3]/div[2]/input
https://uat.colonialpenn.com/quote,formPage,Select,Gender,Female,LABEL,,form-check-label form-check-female,"{'class': 'form-check-label form-check-female', 'for': '_CPQuote_female'}",html/body/section/div/div/div/div/div[1]/section/div/div/div/main/div[1]/div[2]/div[2]/div[2]/div/form/div[1]/div/div/div[4]/div[1]/div/div[1]/label
https://uat.colonialpenn.com/quote,formPage,Enter,Date of Birth,10/01/1957',INPUT,_CPQuote_datepicker_1,field form-control,"{'aria-required': 'true', 'autocomplete': 'off', 'class': 'field form-control', 'id': '_CPQuote_datepicker_1', 'maxlength': '10', 'name': '_CPQuote_dobString', 'onkeypress': 'isDateCharacters(event)', 'placeholder': 'MM / DD / YYYY', 'style': 'border: 3px solid red;', 'test_id': 'dateOfBirth', 'type': 'text', 'value': ''}",html/body/section/div/div/div/div/div[1]/section/div/div/div/main/div[1]/div[2]/div[2]/div[2]/div/form/div[1]/div/div/div[4]/div[2]/input
https://uat.colonialpenn.com/quote,formPage,Enter,Phone Number,3844859024,INPUT,_CPQuote_phoneNumber,field isPhoneNumber form-control,"{'aria-required': 'true', 'autocomplete': 'off', 'class': 'field isPhoneNumber form-control', 'id': '_CPQuote_phoneNumber', 'maxlength': '12', 'name': '_CPQuote_phoneNumber', 'onkeypress': 'isPhoneCharacters(event)', 'style': 'border: 3px solid red;', 'test_id': 'phone', 'type': 'tel', 'value': ''}",html/body/section/div/div/div/div/div[1]/section/div/div/div/main/div[1]/div[2]/div[2]/div[2]/div/form/div[1]/div/div/div[5]/div[1]/input
https://uat.colonialpenn.com/quote,formPage,Enter,Email,sam.a@cnoinc.com,INPUT,_CPQuote_emailAddress,field form-control,"{'aria-required': 'true', 'class': 'field form-control', 'id': '_CPQuote_emailAddress', 'maxlength': '42', 'name': '_CPQuote_emailAddress', 'style': 'border: 3px solid red;', 'test_id': 'emailAddr', 'type': 'text', 'value': ''}",html/body/section/div/div/div/div/div[1]/section/div/div/div/main/div[1]/div[2]/div[2]/div[2]/div/form/div[1]/div/div/div[5]/div[2]/input
